"testing","Crosses","yBLUE","yPred","popChk","Year"
1,"SA18-CB-10-FG1xSL18-SF-19-MG2",NA,0.0925459945338912,"ES",2019
5,"SL18-NL-6-FG1xSL18-OI-15-MG1",0.0818721118821846,0.112788841922407,"ES",2019
10,"SL18-LD-10-FG2xSL18-NL-3-MG2",-0.424418572323028,-0.0893598213976352,"ES",2019
23,"SL18-OI-17-FG1xSL18-SF-13-MG2",0.0181079224710602,0.0481271621332633,"ES",2019
30,"SL18-OI-18-FG2xSL18-LD-2-MG3",-0.369568824871161,0.0541768252899826,"ES",2019
48,"SL18-OI-6-FG1xSL18-NL-9-MG1",-0.304975059594932,0.0097305538560605,"ES",2019
53,"SL18-SF-13-FG1xSL18-LL-9-MG3",-0.210565827382323,-0.230225233903015,"ES",2019
86,"SL18-LD-4-FG1xSA18-CB-2-MG1",-0.285582663470404,0.126099221784644,"ES",2019
97,"SL18-NL-10-FG1xSA18-CB-4-MG3",-0.215602629117155,-0.053189787040856,"ES",2019
99,"SL18-LD-10-FG1xSA18-CB-1-MG2",-0.233279376459375,-0.00977603636646373,"ES",2019
103,"SL18-NL-10-FG3xSL18-NL-3-MG2",-0.292545224647415,-0.029340021689941,"ES",2019
117,"SL18-NL-6-FG1xSA18-CB-3-MG3",0.0181475157547141,0.0489319732650345,"ES",2019
119,"SL18-NL-6-FG1xSL18-LD-1-MG2",-0.194397708892698,-0.181615840512909,"ES",2019
122,"SL18-NL-6-FG1xSL18-NL-2-MG1",-0.00755177320900896,-0.177027105145932,"ES",2019
137,"SL18-CC-1-FG3xSL18-OI-9-MG2",-0.144670430970926,-0.0559410576950024,"ES",2020
140,"SL18-OI-15-FG1xSA18-CB-2-MG3",-0.0318469011476353,0.18765357423749,"ES",2020
153,"SL18-JS-16-FG1xSL18-LD-2-MG2",-0.215034661963951,0.153119631631012,"ES",2020
154,"SL18-NC-10-FG1xSL18-NC-5-MG1",-0.41270957096395,-0.198096154291305,"ES",2020
156,"SL18-CC-1-FG2xSL18-OI-16-MG3",-0.0608364533150164,-0.233868986731685,"ES",2020
161,"SL18-JS-16-FG3xSL18-OD-6-MG2",-0.0324405623973124,0.00203075820545703,"ES",2020
179,"SL18-NL-3-FG3xSL18-NC-9-MG2",0.42268602248711,0.0610586616153962,"ES",2020
180,"SL18-OI-6-FG3xSL18-CC-11-MG5",0.793086789487111,-0.0394155331102975,"ES",2020
187,"SL18-OI-11-FG3xSL18-NC-2-MG1",0.848318325172327,0.164221091097784,"ES",2020
204,"SL18-CC-6-FG3xSL18-OI-14-MG2",0.0398134917057782,0.107925512489302,"ES",2020
240,"SL18-NL-3-FG1xSL18-OI-7-MG3",0.234539667961629,-0.0976291120418071,"ES",2020
243,"SL18-JS-5-FG2xSL18-OI-5-MG3",-0.143305077070915,0.0876742470958975,"ES",2020
248,"SL18-CC-12-FG3xSL18-NC-11-MG2",-0.0973712539523358,-0.020615010508601,"ES",2020
282,"SL18-NL-7-FG3xSL18-OI-15-MG3",-0.171000995876771,0,"Z4",2020
9,"SL18-LD-10-FG2xSA18-CB-7-MG2",0.0449934514384039,0.0829131973464603,"ES",2019
29,"SL18-OI-18-FG2xSL18-NL-2-MG2",-0.235014652878588,-0.0392569605069688,"ES",2019
41,"SL18-OI-2-FG3xSL18-SF-17-MG1",-0.324975059594932,-0.0575842907882624,"ES",2019
64,"SA18-CB-10-FG2xSL18-LL-9-MG1",-0.168129123911242,-0.0635683007618104,"ES",2019
68,"SL18-LD-1-FG3xSL18-OI-11-MG2",-0.111892077528942,-0.045305917421406,"ES",2019
81,"SL18-LD-3-FG1xSL18-NL-9-MG1",-0.369977851143756,-0.176420563550053,"ES",2019
84,"SL18-LD-3-FG2xSL18-LL-9-MG2",-0.258965216753327,-0.0485814111145475,"ES",2019
94,"SL18-LD-9-FG3xSL18-NL-7-MG1",-0.25871710014981,0.00252939777924845,"ES",2019
98,"SL18-NL-10-FG1xSL18-LD-2-MG1",-0.379568824871162,0.130852144482634,"ES",2019
104,"SL18-NL-2-FG1xSA18-CB-1-MG2",-0.0955826634704041,0.213923764733915,"ES",2019
107,"SL18-NL-2-FG3xSA18-CB-2-MG3",-0.397541147672675,0.0375177205016243,"ES",2019
109,"SL18-NL-2-FG3xSL18-LD-3-MG2",-0.329977851143757,-0.0735696482362919,"ES",2019
152,"SL18-CC-3-FG1xSL18-JS-6-MG3",0.34374451803605,0.0492192197554823,"ES",2020
155,"SL18-OI-17-FG4xSL18-JS-6-MG2",0.712121070036049,0.191985226502376,"ES",2020
159,"SL18-CC-3-FG2xSA18-CB-10-MG3",1.95023404168499,-0.099051963646146,"ES",2020
165,"SL18-OI-4-FG2xSL18-JS-19-MG2",0.077680529919887,0.434766860874327,"ES",2020
172,"SL18-CC-12-FG3xSL18-OI-15-MG3",0.0903995025987136,0.0690945403425914,"ES",2020
182,"SL18-JS-5-FG1xSL18-OI-14-MG1",-0.19882989451289,-0.0707390796812224,"ES",2020
196,"SL18-NL-7-FG4xSA18-CB-1-MG12",-0.0233780905593039,0.0871598537553146,"ES",2020
202,"SL18-CC-5-FG3xSA18-CB-1-MG12",0.143213095440696,0.0378966844144606,"ES",2020
221,"SL18-CC-3-FG1xSL18-JS-11-MG2",-0.182443294641549,-0.0639591524698789,"ES",2020
232,"SA18-CB-9-FG1xSL18-OI-7-MG3",0.904291217068682,-0.0479567949621263,"ES",2020
242,"SL18-NC-8-FG1xSL18-NL-7-MG2",0.00424099892908451,-0.12101141616741,"ES",2020
255,"SL18-ME-1-FG1xSL18-ME-1-MG1",-0.274473040958907,0,"Z1",2019
256,"SL18-ME-1-FG1xSL18-ME-1-MG1",-0.274473040958907,0,"Z1",2019
260,"SL18-ME-1-FG1xSL18-ME-1-MG1",-0.274473040958907,0,"Z1",2019
273,"SL18-OI-15-FGxSL18-ME-MG1",NA,0,"Z3",2020
279,"SL18-NL-7-FG3xSL18-OI-15-MG3",-0.171000995876771,0,"Z4",2020
8,"SL18-NL-6-FG1xSL18-SF-19-MG2",-0.17696379697044,0.126408293691046,"ES",2019
26,"SL18-OI-18-FG2xSA18-CB-7-MG1",-0.00500654856159711,-0.0281803862044832,"ES",2019
36,"SL18-OI-18-FG6xSA18-CB-1-MG2",0.0224482267909925,-0.0630006168307995,"ES",2019
52,"SL18-OI-9-FG1xSL18-LL-9-MG2",-0.305582663470401,-0.0710486109797417,"ES",2019
60,"SL18-SF-17-FG3xSL18-NL-2-MG3",-0.229977851143757,-0.144985026188069,"ES",2019
66,"SL18-LD-1-FG2xSL18-SF-15-MG1",-0.0650065485615968,0.0734109994515156,"ES",2019
105,"SL18-NL-2-FG1xSL18-LD-13-MG2",-0.153710551588217,0.100712025419272,"ES",2019
116,"SL18-LD-10-FG1xSL18-OI-18-MG1",-0.374418572323029,0.00359891147627342,"ES",2019
121,"SL18-NL-6-FG1xSL18-LD-3-MG2",-0.098965216753327,0.123701760367774,"ES",2019
125,"SL18-OI-5-FG5xSA18-CB-7-MG3",-0.0267042073856983,0.122751563045054,"ES",2020
127,"SL18-NC-11-FG1xSL18-NL-2-MG1",0.176517493489637,-0.0628768868376401,"ES",2020
131,"SL18-CC-11-FG3xSL18-CC-3-MG1",-0.039407464822131,0.283262134482332,"ES",2020
142,"SL18-SF-17-FG2xSL18-NC-1-MG1",-0.0145044528221311,0.0461676864326629,"ES",2020
145,"SL18-CC-5-FG3xSL18-JS-5-MG2",0.0718900482919012,-0.0609749734546005,"ES",2020
146,"SL18-SF-13-FG1xSA18-CB-7-MG1",0.0636005022919018,0.082157240885787,"ES",2020
164,"SL18-CC-8-FG2xSL18-JS-5-MG3",1.29337900747802,-0.148558767621613,"ES",2020
171,"SL18-OI-6-FG2xSL18-LD-2-MG2",1.05787442759871,0.280371401101373,"ES",2020
176,"SL18-SF-17-FG2xSL18-OI-4-MG3",-0.0705632001011442,0.0534780111939767,"ES",2020
206,"SL18-CC-3-FG3xSL18-OD-6-MG3",0.442661217047664,0.343643138070133,"ES",2020
209,"SL18-NC-12-FG2xSL18-NL-5-MG2",NA,-0.313029763804701,"ES",2020
211,"SL18-JS-16-FG3xSA18-CB-4-MG3",-0.220389804326765,-0.0346633984797366,"ES",2020
227,"SL18-JS-9-FG3xSA18-CB-10-MG1",-0.0580589571662221,0.144640938386101,"ES",2020
233,"SL18-CC-3-FG1xSL18-OI-16-MG2",0.133503713068682,0.248916869739323,"ES",2020
241,"SL18-NL-5-FG1xSL18-OI-14-MG1",0.169256150303515,0.110336905800932,"ES",2020
250,"SL18-NC-10-FG3xSA18-CB-3-MG2",-0.061273585303403,-0.123378072135203,"ES",2020
259,"SL18-ME-1-FG1xSL18-ME-1-MG1",-0.274473040958907,0,"Z1",2019
266,"SL18-ME-1-FG1xSL18-ME-2-MG2",-0.365047920074288,0,"Z2",2019
272,"SL18-OI-15-FGxSL18-ME-MG1",NA,0,"Z3",2020
4,"SL18-NL-6-FG1xSL18-OI-14-MG2",0.105602291107311,0.0716744120612227,"ES",2019
16,"SL18-OI-15-FG1xSL18-SF-15-MG1",0.0478859504814277,-0.0752355828216848,"ES",2019
35,"SL18-OI-18-FG5xSL18-SF-15-MG2",-0.00929321505861765,-0.0711382235233388,"ES",2019
38,"SL18-OI-2-FG2xSL18-LD-1-MG2",-0.305254665165113,0.00511479394862977,"ES",2019
42,"SL18-OI-6-FG1xSA18-CB-2-MG1",-0.259400500441521,0.0294598334744264,"ES",2019
58,"SL18-SF-17-FG3xSL18-LD-2-MG1",-0.218129123911246,0.177914746718495,"ES",2019
65,"SL18-LD-1-FG2xSL18-SF-13-MG3",-0.15871710014981,0.0598921768064025,"ES",2019
87,"SL18-LD-4-FG1xSL18-NL-3-MG2",-0.353279376459376,-5.15247333455621e-05,"ES",2019
92,"SA18-CB-7-FG1xSL18-LL-9-MG3",-0.0400000000000033,-0.33958559018457,"ES",2019
96,"SL18-LL-9-FG3xSL18-NL-9-MG1",-0.324437302176354,0.103998633208159,"ES",2019
102,"SL18-NL-10-FG1xSL18-SF-13-MG1",-0.10837724051476,0.103989783236961,"ES",2019
126,"SL18-CC-1-FG2xSL18-OI-16-MG1",0.378749851489636,-0.0791194702659065,"ES",2020
135,"SL18-NC-12-FG2xSA18-CB-4-MG3",0.00297815602907393,-0.0380581096774786,"ES",2020
149,"SA18-CB-2-FG3xSL18-NC-9-MG1",0.13695739091747,0.0701295934629965,"ES",2020
158,"SL18-CC-5-FG3xSL18-JS-19-MG2",0.0372781926849833,0.0414787850847138,"ES",2020
163,"SL18-NC-12-FG2xSL18-OI-16-MG1",0.0848404664780238,-0.0263444194022885,"ES",2020
167,"SL18-CC-3-FG1xSL18-JS-5-MG2",0.840692242319702,0.0465407796923948,"ES",2020
174,"SL18-CC-12-FG2xSL18-OI-15-MG2",0.906267046598715,0.250192003606477,"ES",2020
195,"SL18-CC-6-FG3xSL18-JS-9-MG2",-0.105662681494175,0.0910935700317511,"ES",2020
208,"SL18-JS-19-FG3xSA18-CB-3-MG2",-0.0885071939523353,-0.0374800837485274,"ES",2020
215,"SL18-SF-17-FG2xSL18-NC-12-MG1",0.0412713587918137,-0.00682599516683416,"ES",2020
218,"SL18-LL-9-FG2xSA18-CB-5-MG3",-0.142672500559253,0.205713807682659,"ES",2020
235,"SL18-SF-13-FG2xSA18-CB-2-MG3",0.956600667761675,0.334199542250524,"ES",2020
244,"SL18-CC-10-FG4xSL18-NC-2-MG2",0.510035598929084,-0.195696047555274,"ES",2020
253,"SL18-ME-1-FG1xSL18-ME-1-MG1",-0.274473040958907,0,"Z1",2019
257,"SL18-ME-1-FG1xSL18-ME-1-MG1",-0.274473040958907,0,"Z1",2019
264,"SL18-ME-1-FG1xSL18-ME-2-MG2",-0.365047920074288,0,"Z2",2019
269,"SL18-OI-15-FGxSL18-ME-MG1",NA,0,"Z3",2020
43,"SL18-OI-6-FG1xSA18-CB-4-MG1",-0.139400500441523,0.277062469335746,"ES",2019
45,"SL18-OI-6-FG1xSL18-LD-2-MG1",-0.337541147672676,0.139907575372276,"ES",2019
50,"SL18-OI-6-FG1xSL18-SF-19-MG1",-0.374975059594933,-0.0805135153674678,"ES",2019
51,"SL18-OI-7-FG3xSA18-CB-2-MG3",-0.288965216753328,0.102552318497722,"ES",2019
55,"SL18-SF-17-FG1xSL18-LL-9-MG1",-0.288127888117815,0.0774478221173968,"ES",2019
62,"SL18-SF-17-FG3xSL18-OI-7-MG1",-0.245582663470403,-0.0304106929970722,"ES",2019
71,"SL18-LD-1-FG3xSL18-OI-6-MG2",-0.0875517732090085,0.0839060536531011,"ES",2019
88,"SL18-LD-4-FG2xSL18-LL-9-MG1",-0.294397708892698,0.0805966738116912,"ES",2019
90,"SL18-LD-4-FG3xSL18-SF-17-MG1",-0.235254665165115,-0.000717048310317416,"ES",2019
95,"SL18-LD-9-FG3xSL18-SF-17-MG1",-0.163122575349649,0.126548003856272,"ES",2019
101,"SL18-NL-10-FG1xSL18-OI-7-MG1",-0.0768552757941103,0.125749518701347,"ES",2019
108,"SL18-NL-2-FG3xSA18-CB-4-MG1",-0.278974948305735,-0.106251158018312,"ES",2019
110,"SL18-NL-2-FG3xSL18-OI-16-MG1",-0.145014652878588,-0.00719740050168202,"ES",2019
115,"SL18-NL-3-FG3xSA18-CB-2-MG2",-0.312691400220808,-0.126595038573061,"ES",2019
129,"SL18-LD-13-FG2xSL18-LD-13-MG2",-0.0377318694405124,-0.0757299811135623,"ES",2020
181,"SL18-CC-8-FG1xSL18-OI-7-MG1",-0.14326996551289,-0.1054510122279,"ES",2020
184,"SL18-SF-17-FG2xSA18-CB-7-MG2",0.270569582605689,0.426729749201936,"ES",2020
188,"SL18-NC-9-FG2xSL18-JS-11-MG3",0.0345891981723272,-0.0377110210673526,"ES",2020
191,"SL18-OI-9-FG4xSA18-CB-1-MG12",0.786473094047663,-0.0658669795448561,"ES",2020
197,"SL18-CC-1-FG1xSL18-NC-15-MG3",0.539755977066131,-0.117662535056385,"ES",2020
203,"SL18-CC-8-FG2xSL18-NC-5-MG3",-0.196100125215163,0.335284464061259,"ES",2020
216,"SL18-CC-5-FG2xSL18-NC-10-MG2",0.183477920347684,-0.132557373250947,"ES",2020
220,"SA18-CB-4-FG6xSL18-JS-6-MG3",0.924804632358453,-0.0250331042916001,"ES",2020
231,"SA18-CB-2-FG3xSL18-CC-2-MG5",1.22136395662682,-0.0377112606064365,"ES",2020
236,"SL18-SF-13-FG2xSL18-JS-9-MG2",0.407943730321982,0.0300354702227933,"ES",2020
263,"SL18-ME-1-FG1xSL18-ME-2-MG2",-0.365047920074288,0,"Z2",2019
276,"SL18-OI-15-FGxSL18-ME-MG1",NA,0,"Z3",2020
277,"SL18-OI-15-FGxSL18-ME-MG1",NA,0,"Z3",2020
2,"SL18-LD-10-FG1xSL18-OI-4-MG1",-0.289293215058616,-0.314810808009091,"ES",2019
3,"SL18-NL-6-FG1xSL18-OI-11-MG2",-0.372691400220809,0.00716014359430441,"ES",2019
22,"SL18-OI-16-FG3xSL18-SF-17-MG2",-0.0343977088926987,-0.00237917282741863,"ES",2019
46,"SL18-OI-6-FG1xSL18-LD-5-MG1",-0.359293215058617,0.127268492273309,"ES",2019
76,"SL18-LD-1-FG3xSL18-OI-15-MG2",-0.206963796970441,-0.210586258240626,"ES",2019
78,"SL18-LD-2-FG2xSL18-LL-9-MG2",-0.29441857232303,0.0713188221372097,"ES",2019
82,"SL18-LD-3-FG1xSL18-SF-19-MG2",-0.27870523882005,0.228597453593028,"ES",2019
83,"SL18-LD-3-FG2xSA18-CB-2-MG3",-0.149400500441522,0.134017951289704,"ES",2019
106,"SL18-NL-2-FG1xSL18-SF-17-MG1",-0.0855630358334996,0.00482467037497068,"ES",2019
118,"SL18-NL-6-FG1xSA18-CB-7-MG2",0.124993451438404,0.0563313736738549,"ES",2019
132,"SL18-CC-11-FG3xSA18-CB-3-MG3",1.65850658075006,0.0243886816343672,"ES",2020
133,"SL18-JS-16-FG1xSL18-CC-4-MG11",-0.151354840970926,0.00810498124771023,"ES",2020
138,"SA18-CB-9-FG1xSL18-JS-5-MG3",0.0726522989500146,0.0222415148186675,"ES",2020
166,"SL18-OI-6-FG2xSA18-CB-4-MG2",1.9612136313197,-0.0410516779552233,"ES",2020
178,"SL18-CC-8-FG2xSL18-LD-9-MG1",0.36933785186154,0.233970385045779,"ES",2020
185,"SL18-CC-9-FG3xSL18-JS-9-MG3",0.0112005592546228,0.123905767497836,"ES",2020
186,"SL18-CC-5-FG2xSL18-NC-10-MG2",0.183477920347684,0.0427131918340314,"ES",2020
189,"SL18-LD-9-FG4xSL18-OI-6-MG2",0.350706588172327,0.110389808326388,"ES",2020
192,"SL18-CC-3-FG2xSA18-CB-4-MG2",0.105245827440696,0.219127589753977,"ES",2020
193,"SL18-NC-5-FG2xSL18-JS-11-MG3",-0.0903258715104736,0.0328097507691286,"ES",2020
194,"SL18-CC-8-FG1xSL18-OI-18-MG3",0.0806246675058248,0.0600198032365202,"ES",2020
199,"SL18-CC-5-FG2xSL18-NC-9-MG2",-0.0189189272151628,0.0594277790063461,"ES",2020
200,"SA18-CB-9-FG1xSL18-JS-19-MG1",0.632607996784839,0.00881912850533968,"ES",2020
212,"SL18-OI-4-FG2xSA18-CB-7-MG2",1.69954432367323,-0.0670901064505386,"ES",2020
214,"SL18-NC-15-FG3xSL18-CC-1-MG2",-0.365739017208187,0.0715359446495736,"ES",2020
251,"SL18-ME-1-FG1xSL18-ME-1-MG1",-0.274473040958907,0,"Z1",2019
275,"SL18-OI-15-FGxSL18-ME-MG1",NA,0,"Z3",2020
281,"SL18-NL-7-FG3xSL18-OI-15-MG3",-0.171000995876771,0,"Z4",2020
7,"SL18-NL-6-FG1xSL18-SF-17-MG1",0.0922001101874731,-0.144322718949346,"ES",2019
11,"SL18-NL-9-FG2xSA18-CB-7-MG1",-0.148129123911241,0.331697225859105,"ES",2019
15,"SL18-OI-15-FG1xSL18-NL-5-MG1",-0.272114049518571,-0.083941763138101,"ES",2019
24,"SL18-OI-17-FG2xSL18-SF-17-MG2",-0.334397708892697,0.216539291360261,"ES",2019
34,"SL18-OI-18-FG5xSL18-LD-2-MG1",-0.0987171001498096,-0.258089628999093,"ES",2019
37,"SL18-OI-18-FG6xSL18-NL-6-MG1",-0.353279376459376,-0.160160391646161,"ES",2019
44,"SL18-OI-6-FG1xSL18-LD-13-MG2",-0.251892077528942,-0.0714142689795493,"ES",2019
54,"SL18-LD-1-FG2xSA18-CB-4-MG3",0.00439737088284459,-0.0981583516708255,"ES",2019
56,"SL18-SF-17-FG3xSA18-CB-10-MG1",-0.126963796970441,0.0761351079282065,"ES",2019
73,"SL18-LD-1-FG3xSL18-OI-9-MG3",-0.132545224647415,0.187871325988346,"ES",2019
100,"SL18-NL-10-FG1xSL18-OI-15-MG1",0.0555626978236457,0.22969728234656,"ES",2019
120,"SL18-NL-6-FG1xSL18-LD-2-MG1",-0.135254665165114,-0.124768336016015,"ES",2019
151,"SA18-CB-5-FG4xSL18-CC-1-MG3",0.0514581330360505,-0.102088557959073,"ES",2020
170,"SL18-LD-13-FG2xSA18-CB-7-MG1",0.205266906880008,0.3271808509804,"ES",2020
173,"SL18-CC-11-FG3xSL18-NC-2-MG3",0.633560181598714,0.0840543785622991,"ES",2020
175,"SL18-SF-17-FG2xSA18-CB-1-MG13",0.318917352519654,-0.218567037069055,"ES",2020
177,"SL18-NC-10-FG3xSL18-NL-5-MG2",-0.000475631901190194,-0.169690268602304,"ES",2020
217,"SL18-NL-3-FG1xSA18-CB-7-MG2",-0.0754457648382044,0.00949252875839171,"ES",2020
219,"SL18-SF-17-FG2xSA18-CB-7-MG3",1.55497742644075,-0.178517530218525,"ES",2020
224,"SL18-OI-17-FG4xSL18-CC-7-MG1",0.296569282184846,0.111526685355045,"ES",2020
226,"SL18-CC-6-FG2xSL18-OI-11-MG4",0.258002903833778,-0.271354428334689,"ES",2020
229,"SL18-SF-13-FG2xSL18-JS-11-MG3",0.620518724751483,-0.0259771021722403,"ES",2020
234,"SL18-CC-8-FG1xSL18-NC-8-MG2",-0.110325581238326,0.0524586613345493,"ES",2020
238,"SL18-CC-6-FG1xSL18-JS-5-MG2",-0.0466192186780184,-0.00292095697561434,"ES",2020
249,"SA18-CB-7-FG1xSL18-LD-1-MG1",0.196290532696597,-0.177682964609528,"ES",2020
262,"SL18-ME-1-FG1xSL18-ME-2-MG2",-0.365047920074288,0,"Z2",2019
268,"SL18-OI-15-FGxSL18-ME-MG1",NA,0,"Z3",2020
271,"SL18-OI-15-FGxSL18-ME-MG1",NA,0,"Z3",2020
12,"SL18-NL-9-FG2xSL18-SF-19-MG1",-0.180565827382321,-0.0938332032678897,"ES",2019
14,"SL18-OI-15-FG1xSA18-CB-2-MG3",-0.0318469011476353,-0.0787786438330149,"ES",2019
17,"SL18-OI-16-FG3xSA18-CB-4-MG3",-0.0855630358334991,0.0275057792423639,"ES",2019
21,"SL18-OI-16-FG3xSL18-NL-6-MG1",-0.283279376459376,-0.095889227361202,"ES",2019
39,"SL18-LD-1-FG1xSL18-NL-2-MG2",-0.408129123911241,0.0165662682092768,"ES",2019
47,"SL18-LD-1-FG1xSL18-OI-18-MG1",-0.398129123911243,-0.0252502728942513,"ES",2019
49,"SL18-OI-6-FG1xSL18-SF-15-MG1",-0.205014652878588,-0.0393826748600093,"ES",2019
57,"SL18-SF-17-FG3xSA18-CB-3-MG3",-0.159400500441521,0.0690118051284659,"ES",2019
79,"SL18-LD-2-FG2xSL18-NL-9-MG1",-0.33871710014981,-0.218660880079764,"ES",2019
91,"SL18-LD-5-FG1xSA18-CB-10-MG1",-0.199400500441523,0.0973474081796715,"ES",2019
124,"SL18-JS-16-FG3xSL18-NC-10-MG3",0.0812286946965967,-0.0261615767583698,"ES",2020
128,"SL18-CC-5-FG2xSA18-CB-10-MG1",1.88964145048964,0.0704595674463628,"ES",2020
130,"SL18-CC-5-FG3xSL18-OI-14-MG1",1.24238629175006,-0.242971719113602,"ES",2020
141,"SL18-CC-12-FG3xSL18-OI-15-MG2",0.4808139022919,0.0887262040553043,"ES",2020
143,"SL18-JS-5-FG1xSL18-LD-2-MG4",0.076056025291901,0.0418068865807586,"ES",2020
144,"SL18-OD-5-FG3xSA18-CB-1-MG12",0.0255708162919011,-0.0726211548542054,"ES",2020
157,"SA18-CB-2-FG3xSL18-OI-2-MG2",0.231916064684984,0.120028996448534,"ES",2020
168,"SL18-CC-3-FG2xSL18-OD-6-MG1",0.764268028880007,0.178250436159939,"ES",2020
190,"SL18-CC-3-FG2xSL18-OI-11-MG3",0.236301593047662,0.171422377346055,"ES",2020
198,"SL18-CC-1-FG1xSL18-CC-4-MG11",0.143774240066132,-0.15680568202151,"ES",2020
201,"SL18-NL-3-FG1xSL18-OD-3-MG1",-0.128956512215162,-0.192672535562554,"ES",2020
213,"SL18-NC-1-FG1xSL18-NC-12-MG3",-0.366464320208186,0.00515142642964761,"ES",2020
225,"SL18-OI-17-FG1xSL18-OI-4-MG1",-0.261393102815155,-0.0435136757553445,"ES",2020
239,"SL18-CC-12-FG2xSL18-LL-9-MG4",0.941452459961629,0.00186424925498959,"ES",2020
254,"SL18-ME-1-FG1xSL18-ME-1-MG1",-0.274473040958907,0,"Z1",2019
265,"SL18-ME-1-FG1xSL18-ME-2-MG2",-0.365047920074288,0,"Z2",2019
267,"SL18-ME-1-FG1xSL18-ME-2-MG2",-0.365047920074288,0,"Z2",2019
278,"SL18-NL-7-FG3xSL18-OI-15-MG3",-0.171000995876771,0,"Z4",2020
280,"SL18-NL-7-FG3xSL18-OI-15-MG3",-0.171000995876771,0,"Z4",2020
13,"SL18-OI-11-FG1xSL18-SF-15-MG2",-0.18685527579411,-0.0283945636042645,"ES",2019
18,"SL18-OI-16-FG3xSA18-CB-5-MG3",-0.318127888117816,0.209364950905515,"ES",2019
20,"SL18-OI-16-FG3xSL18-LD-3-MG2",-0.134437302176354,0.109538991698894,"ES",2019
25,"SL18-OI-18-FG1xSL18-OI-9-MG3",-0.126963796970442,-0.12168326615414,"ES",2019
27,"SL18-OI-18-FG2xSL18-LD-10-MG1",-0.19870523882005,-0.194811106539579,"ES",2019
32,"SL18-OI-18-FG3xSL18-OI-7-MG1",-0.307541147672676,0.0914274487216315,"ES",2019
33,"SL18-OI-18-FG5xSA18-CB-4-MG3",-0.280565827382324,-0.0329302531559122,"ES",2019
40,"SL18-OI-2-FG3xSL18-NL-9-MG1",-0.369568824871162,-0.0436038786060165,"ES",2019
67,"SL18-LD-1-FG3xSL18-NL-5-MG1",-0.35312257534965,0.0600438761005874,"ES",2019
72,"SL18-LD-1-FG3xSL18-OI-7-MG1",-0.230000000000004,0.124016645317456,"ES",2019
74,"SA18-CB-4-FG3xSA18-CB-4-MG3",-0.168127888117815,0.197209926007261,"ES",2019
75,"SL18-LD-1-FG3xSL18-NL-9-MG2",-0.372691400220808,0.124747745284841,"ES",2019
80,"SL18-LD-2-FG2xSL18-SF-19-MG1",-0.017584899148173,-0.164696167981003,"ES",2019
85,"SL18-LD-3-FG2xSL18-SF-17-MG3",-0.316855275794111,-0.0235662601805046,"ES",2019
93,"SL18-LD-9-FG2xSL18-SF-13-MG3",-0.295254665165113,0.0927124791516346,"ES",2019
111,"SL18-NL-3-FG1xSA18-CB-7-MG2",-0.0754457648382044,-0.0704721632110712,"ES",2019
136,"SL18-OD-5-FG1xSL18-CC-8-MG2",-0.131400627970926,-0.0280242474770438,"ES",2020
147,"SL18-LL-9-FG6xSA18-CB-10-MG3",-0.260413901082528,0.220794432547312,"ES",2020
148,"SL18-OI-15-FG2xSA18-CB-2-MG3",0.32390406291747,0.0672750868384401,"ES",2020
150,"SL18-NL-2-FG3xSA18-CB-4-MG1",-0.278974948305735,-0.123601967025944,"ES",2020
160,"SL18-CC-1-FG1xSL18-OI-16-MG3",-0.0465869053973125,0.0882203332239028,"ES",2020
207,"SL18-CC-6-FG2xSL18-OI-14-MG1",0.135763131440696,0.299440579717379,"ES",2020
210,"SL18-JS-5-FG1xSA18-CB-1-MG12",-0.246608951326765,-0.198938604557448,"ES",2020
223,"SL18-JS-19-FG3xSL18-OI-17-MG1",-0.129762875933734,0.0712917860275022,"ES",2020
230,"SL18-JS-19-FG3xSL18-LD-13-MG3",0.0351535507514826,-0.0505244030118172,"ES",2020
237,"SL18-JS-19-FG2xSA18-CB-10-MG3",0.0963865233219814,-0.0127501763280534,"ES",2020
247,"SL18-CC-1-FG2xSL18-NC-11-MG2",-0.0711039789523363,-0.0211205875230137,"ES",2020
261,"SL18-ME-1-FG1xSL18-ME-2-MG2",-0.365047920074288,0,"Z2",2019
274,"SL18-OI-15-FGxSL18-ME-MG1",NA,0,"Z3",2020
6,"SL18-NL-6-FG1xSL18-OI-16-MG1",0.0222001101874753,0.0511769086267746,"ES",2019
19,"SL18-LD-13-FG2xSL18-LD-13-MG2",-0.0377318694405124,-0.101491303280505,"ES",2019
28,"SL18-OI-18-FG2xSL18-LD-9-MG1",-0.298129123911242,-0.253291295067772,"ES",2019
31,"SL18-OI-18-FG3xSL18-LL-9-MG1",-0.272114049518573,-0.20357208383697,"ES",2019
59,"SL18-SF-17-FG3xSL18-NL-10-MG2",-0.302114049518574,-0.0926039078695363,"ES",2019
61,"SL18-SF-17-FG3xSL18-NL-9-MG1",-0.26870523882005,-0.163450089340273,"ES",2019
63,"SL18-SF-17-FG3xSL18-OI-9-MG3",-0.215582663470404,-0.0606189392964355,"ES",2019
69,"SL18-LD-1-FG3xSL18-OI-15-MG1",-0.107551773209009,0.323674608357588,"ES",2019
70,"SL18-LD-1-FG3xSL18-OI-16-MG1",-0.398705238820051,-0.0606033445155371,"ES",2019
77,"SL18-LD-2-FG2xSA18-CB-3-MG3",-0.210000000000003,0.0601786182857426,"ES",2019
89,"SL18-LD-4-FG2xSL18-SF-15-MG2",-0.191852484245286,0.0560997077389066,"ES",2019
112,"SL18-NL-3-FG1xSL18-OI-11-MG2",-0.234975059594933,0.0236287737438114,"ES",2019
113,"SL18-NL-3-FG1xSL18-SF-13-MG2",-0.238377240514761,-0.138805651550802,"ES",2019
114,"SL18-NL-3-FG2xSL18-SF-17-MG2",-0.0226914002208084,0.189596313651947,"ES",2019
123,"SL18-OI-11-FG3xSL18-CC-1-MG3",0.853950518459165,0.247011527841267,"ES",2020
134,"SL18-CC-11-FG3xSL18-JS-16-MG1",0.416287608029074,0.148340983070714,"ES",2020
139,"SL18-CC-5-FG1xSL18-JS-9-MG1",-0.0049008210499855,-0.127484557596436,"ES",2020
162,"SL18-OI-4-FG2xSL18-NC-15-MG1",0.839200453478023,0.207108921348515,"ES",2020
169,"SL18-LD-2-FG2xSL18-SF-19-MG1",-0.017584899148173,-0.0115922880287049,"ES",2020
183,"SL18-NC-10-FG1xSL18-OI-11-MG4",-0.248528176394311,-0.0379336270552744,"ES",2020
205,"SL18-NC-12-FG2xSA18-CB-3-MG1",0.258400501047665,0.158859129831271,"ES",2020
222,"SA18-CB-5-FG6xSL18-CC-6-MG2",0.338573749675651,-0.0660111006499811,"ES",2020
228,"SL18-OI-6-FG3xSL18-JS-6-MG1",0.426040101833779,0.120887310107418,"ES",2020
245,"SL18-NC-5-FG3xSL18-OI-2-MG2",-0.161954838952336,0.202580500999078,"ES",2020
246,"SL18-OI-16-FG2xSL18-OI-18-MG1",-0.225585224952336,0.00297193550375496,"ES",2020
252,"SL18-ME-1-FG1xSL18-ME-1-MG1",-0.274473040958907,0,"Z1",2019
258,"SL18-ME-1-FG1xSL18-ME-1-MG1",-0.274473040958907,0,"Z1",2019
270,"SL18-OI-15-FGxSL18-ME-MG1",NA,0,"Z3",2020
283,"SL18-NL-7-FG3xSL18-OI-15-MG3",-0.171000995876771,0,"Z4",2020
